{"frameRate":24,"isGlobal":0,"armature":[{"ik":[],"type":"armature","name":"crossbow4","defaultActions":[{"gotoAndPlay":"animtion0"}],"skin":[{"name":"","slot":[{"display":[{"edges":[0,1,1,2,2,3,3,4,4,5,5,6,6,7,7,8,8,9,9,10,10,11,11,12,12,13,13,14,14,15,15,16,16,17,17,18,18,19,19,20,20,21,21,22,22,23,23,24,24,25,25,26,26,27,27,28,28,29,29,30,30,31,31,32,32,33,33,34,34,35,35,36,36,37,37,38,38,0],"vertices":[-60,-65.9,-70.4,-63.95,-78.2,-56.8,-91,-49.9,-102.9,-44,-114.3,-37.95,-127,-32.1,-137,-29.25,-147.5,-31.2,-153.65,-36.3,-156.2,-43.35,-153.5,-49.25,-148.25,-52.45,-150.2,-47.3,-147,-42.45,-140.2,-38.2,-133,-39.5,-126.35,-45.9,-125.35,-54.75,-130.85,-65.5,-137.75,-69.6,-145.7,-70,-156.2,-69,-166.6,-60.05,-171.45,-49.9,-171.45,-39.25,-167.1,-29.05,-159.95,-21.35,-147,-14.55,-133.95,-12.65,-123.8,-14.05,-108.7,-19.55,-93.7,-26.85,-81.55,-33.15,-69.8,-39.5,-61.3,-41.95,-55.55,-47.85,-54.65,-55.8,-55.95,-61.75],"slotPose":[0.9999999999999994,-1.6653345369377348e-16,1.6653345369377348e-16,0.9999999999999994,-1.4210854715202004e-14,-1.4210854715202004e-14],"path":"42","bonePose":[1,-0.8573140432829754,0.5147937753992335,-0.5147937753992335,-0.8573140432829754,-64.8,-54.6,3,-0.8880200022830835,0.45980482331653766,-0.45980482331653766,-0.8880200022830835,-85.2,-42.2,6,-0.9330805012246043,0.3596675940843732,-0.3596675940843732,-0.9330805012246043,-109.34999999999998,-29.699999999999996,8,-0.9878611678182652,-0.1553393482564342,0.1553393482564342,-0.9878611678182652,-132.05,-21.25,9,-0.6406563040929922,-0.7678277801863564,0.7678277801863564,-0.6406563040929922,-150.95,-24.15,11,0.3457053588273576,-0.9383431168171098,0.9383431168171098,0.3457053588273576,-164,-40.14999999999999,14,0.9722658591458787,-0.23387838536155214,0.23387838536155214,0.9722658591458787,-156.74999999999997,-57.29999999999999,16,0.4150450961230341,0.9098008398458542,-0.9098008398458542,0.4150450961230341,-143.65,-60.5],"triangles":[38,1,37,37,1,36,1,35,36,1,2,35,0,1,38,2,34,35,2,3,34,3,33,34,4,32,3,3,32,33,4,5,32,5,31,32,5,6,31,6,30,31,6,7,30,7,29,30,12,17,18,19,12,18,12,16,17,12,14,15,12,15,16,7,28,29,20,12,19,21,12,20,8,28,7,12,13,14,27,28,8,22,12,21,22,23,11,9,27,8,22,11,12,26,27,9,24,10,11,23,24,11,10,25,9,25,26,9,24,25,10],"type":"mesh","transform":{"y":-105.5827,"x":114.6642,"skX":-65.4778,"skY":-65.4778},"weights":[4,1,0.8401936271924335,3,0.10582369074621256,6,0.03380860494124248,16,0.020174077120111444,4,1,0.8058369730865265,3,0.13830224606275834,6,0.03558121165640403,16,0.02027956919431102,4,1,0.7344768787051172,3,0.21618658278905256,6,0.0332459635420677,16,0.016090574963762445,4,1,0.46221191618508795,3,0.46168258651650446,6,0.05600094966424465,16,0.02010454763416295,4,1,0.17205090446946814,3,0.5629008188312726,6,0.21686136195502528,16,0.048186914744233936,4,6,0.43504379922308684,3,0.42353038509609714,16,0.07562378393075177,8,0.06580203175006422,4,6,0.47902410589649946,8,0.24664634950481185,16,0.15438026344092975,3,0.11994928115775878,4,8,0.5004522524534163,6,0.26931625195857056,9,0.11544996869774057,16,0.11478152689027263,4,9,0.44433195912299656,8,0.41336104312543376,16,0.07729118716328336,6,0.06501581058828636,4,9,0.6330002506790907,11,0.1692932844525196,8,0.14136546111820397,16,0.056341003750185636,4,11,0.5333833961764476,9,0.30106333579663164,14,0.10563161928001208,16,0.05992164874690884,4,11,0.4815301981675781,14,0.2937460074423937,16,0.11657268518506139,9,0.10815110920496666,4,14,0.4331026347362207,16,0.34358734643165545,11,0.17563112971222403,9,0.047678889119899995,4,11,0.31563582704793336,14,0.27354659381807234,16,0.2648525830987297,9,0.14596499603526453,4,16,0.41823165537041485,9,0.21333218031842652,11,0.2022266985901327,14,0.16620946572102605,4,16,0.6550884127399766,8,0.14015227502071828,9,0.11277017850578558,6,0.09198913373351945,4,16,0.7954777408220298,6,0.08039389902152269,8,0.07833397675910797,14,0.045794383397339475,4,16,0.6223546777443848,6,0.13775946774557574,14,0.12488694305501108,3,0.1149989114550284,4,16,0.4874315895932944,14,0.2830282584929548,6,0.11686766066352615,3,0.11267249125022473,4,14,0.4416550704663926,16,0.41117405639837634,11,0.10142955783637518,6,0.04574131529885589,4,14,0.45029216963031216,16,0.42302214742464317,11,0.09524036665498128,9,0.031445316290063294,4,16,0.41652588004930274,14,0.412716166992537,11,0.13943793446923933,9,0.03132001848892085,4,11,0.37874597111256125,14,0.368259067031171,16,0.20274825633693166,9,0.05024670551933603,4,11,0.4551315449895591,14,0.37794402180066483,9,0.09190659219474966,16,0.07501784101502629,4,11,0.46294829195238724,9,0.29740803361387846,14,0.18349775581397124,16,0.05614591861976294,4,11,0.4654284196816738,9,0.443072382576386,14,0.04836648944822788,8,0.043132708293712435,4,9,0.4817675243674065,11,0.311106317543148,8,0.16147677028907215,14,0.04564938780037331,4,8,0.4361311964360144,9,0.4337190098186838,11,0.08885013933167911,6,0.04129965441362259,4,8,0.47238181141354124,9,0.3504265691184478,6,0.137203857222017,11,0.03998776224599396,4,6,0.4446461478151699,8,0.4357378701945773,9,0.07993506466916807,3,0.039680917321084724,4,6,0.4871281156372432,8,0.35940154883400055,3,0.10211593773214002,9,0.051354397796616186,4,1,0.03992167475054474,6,0.44894305455895367,3,0.4339965474900482,8,0.0771387232004535,4,1,0.17684849773002664,3,0.5730207282610863,6,0.21406824196544355,8,0.036062532043443465,4,1,0.4562593723388487,3,0.47063752484348825,6,0.05660219088916676,8,0.016500911928496242,4,1,0.653427895782306,3,0.287533550142456,6,0.04233572886630935,8,0.016702825208928806,4,1,0.7275614591127663,3,0.2036984512958534,6,0.04732562524494455,8,0.021414464346435822,4,1,0.8300627713088339,3,0.11946937954532551,6,0.0337613595145175,16,0.016706489631323162,4,1,0.8793116773747631,3,0.08214090707482469,6,0.025006151443596,16,0.013541264106816385,4,1,0.8642020755235367,3,0.09037792930495196,6,0.02884080622779659,16,0.01657918894371477],"userEdges":[],"width":381,"height":314,"name":"42","uvs":[0.34252,0.29013,0.31522,0.29634,0.29475,0.31911,0.26115,0.34108,0.22992,0.35987,0.2,0.37914,0.16667,0.39777,0.14042,0.40685,0.11286,0.40064,0.09672,0.38439,0.09003,0.36194,0.09711,0.34315,0.11089,0.33296,0.10577,0.34936,0.11417,0.36481,0.13202,0.37834,0.15092,0.3742,0.16837,0.35382,0.171,0.32564,0.15656,0.2914,0.13845,0.27834,0.11759,0.27707,0.09003,0.28025,0.06273,0.30876,0.05,0.34108,0.05,0.375,0.06142,0.40748,0.08018,0.43201,0.11417,0.45366,0.14843,0.45971,0.17507,0.45525,0.2147,0.43774,0.25407,0.41449,0.28596,0.39443,0.3168,0.3742,0.33911,0.3664,0.3542,0.34761,0.35656,0.32229,0.35315,0.30334]}],"name":"42"},{"display":[{"path":"41","type":"image","name":"41","transform":{}}],"name":"41"},{"display":[{"edges":[0,1,1,2,2,3,3,4,4,5,5,6,6,7,7,8,8,9,9,10,10,11,11,12,12,13,13,14,14,15,15,16,16,17,17,18,18,19,19,20,20,21,21,22,22,23,23,24,24,25,25,26,26,27,27,28,28,29,29,30,30,31,31,32,32,33,33,34,34,35,35,36,36,37,37,0],"vertices":[67.65,-65.9,79.6,-59.1,91.95,-52.25,106.05,-45.1,119.85,-37.7,132.75,-31.2,143.85,-29.7,153.8,-31.95,158.8,-36.75,160.75,-42.6,159.55,-47.35,156,-50.5,153.7,-51.6,154.8,-46.8,151.3,-41.05,146.65,-38.35,138.65,-39.55,131.8,-45,130.05,-55.2,134.3,-64.4,143.75,-70.35,155.55,-70.35,167.5,-64.85,175.4,-56.35,177.8,-45.85,176.5,-36.3,171.4,-25.45,163.5,-18.4,147.85,-13.05,134.85,-12.55,122.15,-15.45,112.45,-19.25,99.25,-26.4,84.7,-33.45,73.4,-40,60.6,-43.9,58.1,-52.35,62.8,-64.05],"slotPose":[1.0000000000000002,-8.049116928532385e-16,8.049116928532385e-16,1.0000000000000002,4.263256414560601e-14,-1.4210854715202004e-14],"path":"43",